0x0000,PT_NULL,PT_NULL,PidTagNull
0x0001,PT_LONG,PR_ACKNOWLEDGEMENT_MODE,PidTagAcknowledgementMode
0x0002,PT_BOOLEAN,PR_ALTERNATE_RECIPIENT_ALLOWED,PidTagAlternateRecipientAllowed
0x0003,PT_BINARY,PR_AUTHORIZING_USERS,PidTagAuthorizingUsers
0x0004,PT_TSTRING,PR_AUTO_FORWARD_COMMENT,PidTagAutoForwardComment
0x0004,PT_STRING8,PR_AUTO_FORWARD_COMMENT_A,PidTagAutoForwardComment
0x0004,PT_UNICODE,PR_AUTO_FORWARD_COMMENT_W,PidTagAutoForwardComment
0x0005,PT_BOOLEAN,PR_AUTO_FORWARDED,PidTagAutoForwarded
0x0006,PT_BINARY,PR_CONTENT_CONFIDENTIALITY_ALGORITHM_ID,PidTagContentConfidentialityAlgorithmId
0x0007,PT_BINARY,PR_CONTENT_CORRELATOR,PidTagContentCorrelator
0x0008,PT_TSTRING,PR_CONTENT_IDENTIFIER,PidTagContentIdentifier
0x0008,PT_STRING8,PR_CONTENT_IDENTIFIER_A,PidTagContentIdentifier
0x0008,PT_UNICODE,PR_CONTENT_IDENTIFIER_W,PidTagContentIdentifier
0x0009,PT_LONG,PR_CONTENT_LENGTH,PidTagContentLength
0x000A,PT_BOOLEAN,PR_CONTENT_RETURN_REQUESTED,PidTagContentReturnRequested
0x000B,PT_BINARY,PR_CONVERSATION_KEY,
0x000C,PT_BINARY,PR_CONVERSION_EITS,PidTagConversionEits
0x000D,PT_BOOLEAN,PR_CONVERSION_WITH_LOSS_PROHIBITED,PidTagConversionWithLossProhibited
0x000E,PT_BINARY,PR_CONVERTED_EITS,PidTagConvertedEits
0x000F,PT_SYSTIME,PR_DEFERRED_DELIVERY_TIME,PidTagDeferredDeliveryTime
0x0010,PT_SYSTIME,PR_DELIVER_TIME,PidTagDeliverTime
0x0011,PT_LONG,PR_DISCARD_REASON,PidTagDiscardReason
0x0012,PT_BOOLEAN,PR_DISCLOSURE_OF_RECIPIENTS,PidTagDisclosureOfRecipients
0x0013,PT_BINARY,PR_DL_EXPANSION_HISTORY,PidTagDistributionListExpansionHistory
0x0014,PT_BOOLEAN,PR_DL_EXPANSION_PROHIBITED,PidTagDistributionListExpansionProhibited
0x0015,PT_SYSTIME,PR_EXPIRY_TIME,PidTagExpiryTime
0x0016,PT_BOOLEAN,PR_IMPLICIT_CONVERSION_PROHIBITED,PidTagImplicitConversionProhibited
0x0017,PT_LONG,PR_IMPORTANCE,PidTagImportance
0x0018,PT_BINARY,PR_IPM_ID,
0x0019,PT_SYSTIME,PR_LATEST_DELIVERY_TIME,PidTagLatestDeliveryTime
0x001A,PT_TSTRING,PR_MESSAGE_CLASS,PidTagMessageClass
0x001A,PT_STRING8,PR_MESSAGE_CLASS_A,PidTagMessageClass
0x001A,PT_UNICODE,PR_MESSAGE_CLASS_W,PidTagMessageClass
0x001B,PT_BINARY,PR_MESSAGE_DELIVERY_ID,PidTagMessageDeliveryId
0x001E,PT_BINARY,PR_MESSAGE_SECURITY_LABEL,PidTagMessageSecurityLabel
0x001F,PT_BINARY,PR_OBSOLETED_IPMS,PidTagObsoletedMessageIds
0x0020,PT_BINARY,PR_ORIGINALLY_INTENDED_RECIPIENT_NAME,PidTagOriginallyIntendedRecipientName
0x0021,PT_BINARY,PR_ORIGINAL_EITS,PidTagOriginalEits
0x0022,PT_BINARY,PR_ORIGINATOR_CERTIFICATE,PidTagOriginatorCertificate
0x0023,PT_BOOLEAN,PR_ORIGINATOR_DELIVERY_REPORT_REQUESTED,PidTagOriginatorDeliveryReportRequested
0x0024,PT_BINARY,PR_ORIGINATOR_RETURN_ADDRESS,PidTagOriginatorReturnAddress
0x0025,PT_BINARY,PR_PARENT_KEY,
0x0026,PT_LONG,PR_PRIORITY,PidTagPriority
0x0027,PT_BINARY,PR_ORIGIN_CHECK,PidTagOriginCheck
0x0028,PT_BOOLEAN,PR_PROOF_OF_SUBMISSION_REQUESTED,PidTagProofOfSubmissionRequested
0x0029,PT_BOOLEAN,PR_READ_RECEIPT_REQUESTED,PidTagReadReceiptRequested
0x002A,PT_SYSTIME,PR_RECEIPT_TIME,PidTagReceiptTime
0x002B,PT_BOOLEAN,PR_RECIPIENT_REASSIGNMENT_PROHIBITED,PidTagRecipientReassignmentProhibited
0x002C,PT_BINARY,PR_REDIRECTION_HISTORY,PidTagRedirectionHistory
0x002D,PT_BINARY,PR_RELATED_IPMS,PidTagRelatedMessageIds
0x002E,PT_LONG,PR_ORIGINAL_SENSITIVITY,PidTagOriginalSensitivity
0x002F,PT_TSTRING,PR_LANGUAGES,PidTagLanguages
0x002F,PT_STRING8,PR_LANGUAGES_A,PidTagLanguages
0x002F,PT_UNICODE,PR_LANGUAGES_W,PidTagLanguages
0x0030,PT_SYSTIME,PR_REPLY_TIME,PidTagReplyTime
0x0031,PT_BINARY,PR_REPORT_TAG,PidTagReportTag
0x0032,PT_SYSTIME,PR_REPORT_TIME,PidTagReportTime
0x0033,PT_BOOLEAN,PR_RETURNED_IPM,PidTagReturnedMessageid
0x0034,PT_LONG,PR_SECURITY,
0x0035,PT_BOOLEAN,PR_INCOMPLETE_COPY,PidTagIncompleteCopy
0x0036,PT_LONG,PR_SENSITIVITY,PidTagSensitivity
0x0037,PT_TSTRING,PR_SUBJECT,PidTagSubject
0x0037,PT_STRING8,PR_SUBJECT_A,PidTagSubject
0x0037,PT_UNICODE,PR_SUBJECT_W,PidTagSubject
0x0038,PT_BINARY,PR_SUBJECT_IPM,PidTagSubjectMessageId
0x0039,PT_SYSTIME,PR_CLIENT_SUBMIT_TIME,PidTagClientSubmitTime
0x003A,PT_TSTRING,PR_REPORT_NAME,PidTagReportName
0x003A,PT_STRING8,PR_REPORT_NAME_A,PidTagReportName
0x003A,PT_UNICODE,PR_REPORT_NAME_W,PidTagReportName
0x003B,PT_BINARY,PR_SENT_REPRESENTING_SEARCH_KEY,PidTagSentRepresentingSearchKey
0x003C,PT_BINARY,PR_X400_CONTENT_TYPE,PidTagX400ContentType
0x003D,PT_TSTRING,PR_SUBJECT_PREFIX,PidTagSubjectPrefix
0x003D,PT_STRING8,PR_SUBJECT_PREFIX_A,PidTagSubjectPrefix
0x003D,PT_UNICODE,PR_SUBJECT_PREFIX_W,PidTagSubjectPrefix
0x003E,PT_LONG,PR_NON_RECEIPT_REASON,PidTagNonReceiptReason
0x003F,PT_BINARY,PR_RECEIVED_BY_ENTRYID,PidTagReceivedByEntryId
0x0040,PT_TSTRING,PR_RECEIVED_BY_NAME,PidTagReceivedByName
0x0040,PT_STRING8,PR_RECEIVED_BY_NAME_A,PidTagReceivedByName
0x0040,PT_UNICODE,PR_RECEIVED_BY_NAME_W,PidTagReceivedByName
0x0041,PT_BINARY,PR_SENT_REPRESENTING_ENTRYID,PidTagSentRepresentingEntryId
0x0042,PT_TSTRING,PR_SENT_REPRESENTING_NAME,PidTagSentRepresentingName
0x0042,PT_STRING8,PR_SENT_REPRESENTING_NAME_A,PidTagSentRepresentingName
0x0042,PT_UNICODE,PR_SENT_REPRESENTING_NAME_W,PidTagSentRepresentingName
0x0043,PT_BINARY,PR_RCVD_REPRESENTING_ENTRYID,PidTagReceivedRepresentingEntryId
0x0044,PT_TSTRING,PR_RCVD_REPRESENTING_NAME,PidTagReceivedRepresentingName
0x0044,PT_STRING8,PR_RCVD_REPRESENTING_NAME_A,PidTagReceivedRepresentingName
0x0044,PT_UNICODE,PR_RCVD_REPRESENTING_NAME_W,PidTagReceivedRepresentingName
0x0045,PT_BINARY,PR_REPORT_ENTRYID,PidTagReportEntryId
0x0046,PT_BINARY,PR_READ_RECEIPT_ENTRYID,PidTagReadReceiptEntryId
0x0047,PT_BINARY,PR_MESSAGE_SUBMISSION_ID,PidTagMessageSubmissionId
0x0048,PT_SYSTIME,PR_PROVIDER_SUBMIT_TIME,PidTagProviderSubmitTime
0x0049,PT_TSTRING,PR_ORIGINAL_SUBJECT,PidTagOriginalSubject
0x0049,PT_STRING8,PR_ORIGINAL_SUBJECT_A,PidTagOriginalSubject
0x0049,PT_UNICODE,PR_ORIGINAL_SUBJECT_W,PidTagOriginalSubject
0x004A,PT_BOOLEAN,PR_DISC_VAL,
0x004B,PT_TSTRING,PR_ORIG_MESSAGE_CLASS,PidTagOriginalMessageClass
0x004B,PT_STRING8,PR_ORIG_MESSAGE_CLASS_A,PidTagOriginalMessageClass
0x004B,PT_UNICODE,PR_ORIG_MESSAGE_CLASS_W,PidTagOriginalMessageClass
0x004C,PT_BINARY,PR_ORIGINAL_AUTHOR_ENTRYID,PidTagOriginalAuthorEntryId
0x004D,PT_TSTRING,PR_ORIGINAL_AUTHOR_NAME,PidTagOriginalAuthorName
0x004D,PT_STRING8,PR_ORIGINAL_AUTHOR_NAME_A,PidTagOriginalAuthorName
0x004D,PT_UNICODE,PR_ORIGINAL_AUTHOR_NAME_W,PidTagOriginalAuthorName
0x004E,PT_SYSTIME,PR_ORIGINAL_SUBMIT_TIME,PidTagOriginalSubmitTime
0x004F,PT_BINARY,PR_REPLY_RECIPIENT_ENTRIES,PidTagReplyRecipientEntries
0x0050,PT_TSTRING,PR_REPLY_RECIPIENT_NAMES,PidTagReplyRecipientNames
0x0050,PT_STRING8,PR_REPLY_RECIPIENT_NAMES_A,PidTagReplyRecipientNames
0x0050,PT_UNICODE,PR_REPLY_RECIPIENT_NAMES_W,PidTagReplyRecipientNames
0x0051,PT_BINARY,PR_RECEIVED_BY_SEARCH_KEY,PidTagReceivedBySearchKey
0x0052,PT_BINARY,PR_RCVD_REPRESENTING_SEARCH_KEY,PidTagReceivedRepresentingSearchKey
0x0053,PT_BINARY,PR_READ_RECEIPT_SEARCH_KEY,PidTagReadReceiptSearchKey
0x0054,PT_BINARY,PR_REPORT_SEARCH_KEY,PidTagReportSearchKey
0x0055,PT_SYSTIME,PR_ORIGINAL_DELIVERY_TIME,PidTagOriginalDeliveryTime
0x0056,PT_BINARY,PR_ORIGINAL_AUTHOR_SEARCH_KEY,PidTagOriginalAuthorSearchKey
0x0057,PT_BOOLEAN,PR_MESSAGE_TO_ME,PidTagMessageToMe
0x0058,PT_BOOLEAN,PR_MESSAGE_CC_ME,PidTagMessageCcMe
0x0059,PT_BOOLEAN,PR_MESSAGE_RECIP_ME,PidTagMessageLocaleId
0x005A,PT_TSTRING,PR_ORIGINAL_SENDER_NAME,PidTagOriginalSenderName
0x005A,PT_STRING8,PR_ORIGINAL_SENDER_NAME_A,PidTagOriginalSenderName
0x005A,PT_UNICODE,PR_ORIGINAL_SENDER_NAME_W,PidTagOriginalSenderName
0x005B,PT_BINARY,PR_ORIGINAL_SENDER_ENTRYID,PidTagOriginalSenderEntryId
0x005C,PT_BINARY,PR_ORIGINAL_SENDER_SEARCH_KEY,PidTagOriginalSenderSearchKey
0x005D,PT_TSTRING,PR_ORIGINAL_SENT_REPRESENTING_NAME,PidTagOriginalSentRepresentingName
0x005D,PT_STRING8,PR_ORIGINAL_SENT_REPRESENTING_NAME_A,PidTagOriginalSentRepresentingName
0x005D,PT_UNICODE,PR_ORIGINAL_SENT_REPRESENTING_NAME_W,PidTagOriginalSentRepresentingName
0x005E,PT_BINARY,PR_ORIGINAL_SENT_REPRESENTING_ENTRYID,PidTagOriginalSentRepresentingEntryId
0x005F,PT_BINARY,PR_ORIGINAL_SENT_REPRESENTING_SEARCH_KEY,PidTagOriginalSentRepresentingSearchKey
0x0060,PT_SYSTIME,PR_START_DATE,PidTagStartDate
0x0061,PT_SYSTIME,PR_END_DATE,PidTagEndDate
0x0062,PT_LONG,PR_OWNER_APPT_ID,PidTagOwnerAppointmentId
0x0063,PT_BOOLEAN,PR_RESPONSE_REQUESTED,PidTagResponseRequested
0x0064,PT_TSTRING,PR_SENT_REPRESENTING_ADDRTYPE,PidTagSentRepresentingAddressType
0x0064,PT_STRING8,PR_SENT_REPRESENTING_ADDRTYPE_A,PidTagSentRepresentingAddressType
0x0064,PT_UNICODE,PR_SENT_REPRESENTING_ADDRTYPE_W,PidTagSentRepresentingAddressType
0x0065,PT_TSTRING,PR_SENT_REPRESENTING_EMAIL_ADDRESS,PidTagSentRepresentingEmailAddress
0x0065,PT_STRING8,PR_SENT_REPRESENTING_EMAIL_ADDRESS_A,PidTagSentRepresentingEmailAddress
0x0065,PT_UNICODE,PR_SENT_REPRESENTING_EMAIL_ADDRESS_W,PidTagSentRepresentingEmailAddress
0x0066,PT_TSTRING,PR_ORIGINAL_SENDER_ADDRTYPE,PidTagOriginalSenderAddressType
0x0066,PT_STRING8,PR_ORIGINAL_SENDER_ADDRTYPE_A,PidTagOriginalSenderAddressType
0x0066,PT_UNICODE,PR_ORIGINAL_SENDER_ADDRTYPE_W,PidTagOriginalSenderAddressType
0x0067,PT_TSTRING,PR_ORIGINAL_SENDER_EMAIL_ADDRESS,PidTagOriginalSenderEmailAddress
0x0067,PT_STRING8,PR_ORIGINAL_SENDER_EMAIL_ADDRESS_A,PidTagOriginalSenderEmailAddress
0x0067,PT_UNICODE,PR_ORIGINAL_SENDER_EMAIL_ADDRESS_W,PidTagOriginalSenderEmailAddress
0x0068,PT_TSTRING,PR_ORIGINAL_SENT_REPRESENTING_ADDRTYPE,PidTagOriginalSentRepresentingAddressType
0x0068,PT_STRING8,PR_ORIGINAL_SENT_REPRESENTING_ADDRTYPE_A,PidTagOriginalSentRepresentingAddressType
0x0068,PT_UNICODE,PR_ORIGINAL_SENT_REPRESENTING_ADDRTYPE_W,PidTagOriginalSentRepresentingAddressType
0x0069,PT_TSTRING,PR_ORIGINAL_SENT_REPRESENTING_EMAIL_ADDRESS,PidTagOriginalSentRepresentingEmailAddress
0x0069,PT_STRING8,PR_ORIGINAL_SENT_REPRESENTING_EMAIL_ADDRESS_A,PidTagOriginalSentRepresentingEmailAddress
0x0069,PT_UNICODE,PR_ORIGINAL_SENT_REPRESENTING_EMAIL_ADDRESS_W,PidTagOriginalSentRepresentingEmailAddress
0x0070,PT_TSTRING,PR_CONVERSATION_TOPIC,PidTagConversationTopic
0x0070,PT_STRING8,PR_CONVERSATION_TOPIC_A,PidTagConversationTopic
0x0070,PT_UNICODE,PR_CONVERSATION_TOPIC_W,PidTagConversationTopic
0x0071,PT_BINARY,PR_CONVERSATION_INDEX,PidTagConversationIndex
0x0072,PT_TSTRING,PR_ORIGINAL_DISPLAY_BCC,PidTagOriginalDisplayBcc
0x0072,PT_STRING8,PR_ORIGINAL_DISPLAY_BCC_A,PidTagOriginalDisplayBcc
0x0072,PT_UNICODE,PR_ORIGINAL_DISPLAY_BCC_W,PidTagOriginalDisplayBcc
0x0073,PT_TSTRING,PR_ORIGINAL_DISPLAY_CC,PidTagOriginalDisplayCc
0x0073,PT_STRING8,PR_ORIGINAL_DISPLAY_CC_A,PidTagOriginalDisplayCc
0x0073,PT_UNICODE,PR_ORIGINAL_DISPLAY_CC_W,PidTagOriginalDisplayCc
0x0074,PT_TSTRING,PR_ORIGINAL_DISPLAY_TO,PidTagOriginalDisplayTo
0x0074,PT_STRING8,PR_ORIGINAL_DISPLAY_TO_A,PidTagOriginalDisplayTo
0x0074,PT_UNICODE,PR_ORIGINAL_DISPLAY_TO_W,PidTagOriginalDisplayTo
0x0075,PT_TSTRING,PR_RECEIVED_BY_ADDRTYPE,PidTagReceivedByAddressType
0x0075,PT_STRING8,PR_RECEIVED_BY_ADDRTYPE_A,PidTagReceivedByAddressType
0x0075,PT_UNICODE,PR_RECEIVED_BY_ADDRTYPE_W,PidTagReceivedByAddressType
0x0076,PT_TSTRING,PR_RECEIVED_BY_EMAIL_ADDRESS,PidTagReceivedByEmailAddress
0x0076,PT_STRING8,PR_RECEIVED_BY_EMAIL_ADDRESS_A,PidTagReceivedByEmailAddress
0x0076,PT_UNICODE,PR_RECEIVED_BY_EMAIL_ADDRESS_W,PidTagReceivedByEmailAddress
0x0077,PT_TSTRING,PR_RCVD_REPRESENTING_ADDRTYPE,PidTagReceivedRepresentingAddressType
0x0077,PT_STRING8,PR_RCVD_REPRESENTING_ADDRTYPE_A,PidTagReceivedRepresentingAddressType
0x0077,PT_UNICODE,PR_RCVD_REPRESENTING_ADDRTYPE_W,PidTagReceivedRepresentingAddressType
0x0078,PT_TSTRING,PR_RCVD_REPRESENTING_EMAIL_ADDRESS,PidTagReceivedRepresentingEmailAddress
0x0078,PT_STRING8,PR_RCVD_REPRESENTING_EMAIL_ADDRESS_A,PidTagReceivedRepresentingEmailAddress
0x0078,PT_UNICODE,PR_RCVD_REPRESENTING_EMAIL_ADDRESS_W,PidTagReceivedRepresentingEmailAddress
0x0079,PT_TSTRING,PR_ORIGINAL_AUTHOR_ADDRTYPE,PidTagOriginalAuthorAddressType
0x0079,PT_STRING8,PR_ORIGINAL_AUTHOR_ADDRTYPE_A,PidTagOriginalAuthorAddressType
0x0079,PT_UNICODE,PR_ORIGINAL_AUTHOR_ADDRTYPE_W,PidTagOriginalAuthorAddressType
0x007A,PT_TSTRING,PR_ORIGINAL_AUTHOR_EMAIL_ADDRESS,PidTagOriginalAuthorEmailAddress
0x007A,PT_STRING8,PR_ORIGINAL_AUTHOR_EMAIL_ADDRESS_A,PidTagOriginalAuthorEmailAddress
0x007A,PT_UNICODE,PR_ORIGINAL_AUTHOR_EMAIL_ADDRESS_W,PidTagOriginalAuthorEmailAddress
0x007B,PT_TSTRING,PR_ORIGINALLY_INTENDED_RECIP_ADDRTYPE,PidTagOriginallyIntendedRecipAddrtype
0x007B,PT_STRING8,PR_ORIGINALLY_INTENDED_RECIP_ADDRTYPE_A,PidTagOriginallyIntendedRecipAddrtype
0x007B,PT_UNICODE,PR_ORIGINALLY_INTENDED_RECIP_ADDRTYPE_W,PidTagOriginallyIntendedRecipAddrtype
0x007C,PT_TSTRING,PR_ORIGINALLY_INTENDED_RECIP_EMAIL_ADDRESS,PidTagOriginallyIntendedRecipEmailAddress
0x007C,PT_STRING8,PR_ORIGINALLY_INTENDED_RECIP_EMAIL_ADDRESS_A,PidTagOriginallyIntendedRecipEmailAddress
0x007C,PT_UNICODE,PR_ORIGINALLY_INTENDED_RECIP_EMAIL_ADDRESS_W,PidTagOriginallyIntendedRecipEmailAddress
0x007D,PT_TSTRING,PR_TRANSPORT_MESSAGE_HEADERS,PidTagTransportMessageHeaders
0x007D,PT_STRING8,PR_TRANSPORT_MESSAGE_HEADERS_A,PidTagTransportMessageHeaders
0x007D,PT_UNICODE,PR_TRANSPORT_MESSAGE_HEADERS_W,PidTagTransportMessageHeaders
0x007E,,PR_DELEGATION,
0x007F,,PR_TNEF_CORRELATION_KEY,PidTagTnefCorrelationKey
0x0C00,PT_BINARY,PR_CONTENT_INTEGRITY_CHECK,PidTagContentIntegrityCheck
0x0C01,PT_LONG,PR_EXPLICIT_CONVERSION,PidTagExplicitConversion
0x0C02,PT_BOOLEAN,PR_IPM_RETURN_REQUESTED,PidTagIpmReturnRequested
0x0C03,PT_BINARY,PR_MESSAGE_TOKEN,
0x0C04,PT_LONG,PR_NDR_REASON_CODE,PidTagNonDeliveryReportReasonCode
0x0C05,PT_LONG,PR_NDR_DIAG_CODE,PidTagNonDeliveryReportDiagCode
0x0C06,PT_BOOLEAN,PR_NON_RECEIPT_NOTIFICATION_REQUESTED,PidTagNonReceiptNotificationRequested
0x0C07,PT_LONG,PR_DELIVERY_POINT,PidTagDeliveryPoint
0x0C08,PT_BOOLEAN,PR_ORIGINATOR_NON_DELIVERY_REPORT_REQUESTED,PidTagOriginatorNonDeliveryReportRequested
0x0C09,PT_BINARY,PR_ORIGINATOR_REQUESTED_ALTERNATE_RECIPIENT,PidTagOriginatorRequestedAlternateRecipient
0x0C0A,PT_BOOLEAN,PR_PHYSICAL_DELIVERY_BUREAU_FAX_DELIVERY,PidTagPhysicalDeliveryBureauFaxDelivery
0x0C0B,PT_LONG,PR_PHYSICAL_DELIVERY_MODE,PidTagPhysicalDeliveryMode
0x0C0C,PT_LONG,PR_PHYSICAL_DELIVERY_REPORT_REQUEST,PidTagPhysicalDeliveryReportRequest
0x0C0D,PT_BINARY,PR_PHYSICAL_FORWARDING_ADDRESS,PidTagPhysicalForwardingAddressRequested
0x0C0E,PT_BOOLEAN,PR_PHYSICAL_FORWARDING_ADDRESS_REQUESTED,PidTagPhysicalForwardingAddress
0x0C0F,PT_BOOLEAN,PR_PHYSICAL_FORWARDING_PROHIBITED,PidTagPhysicalForwardingProhibited
0x0C10,PT_BINARY,PR_PHYSICAL_RENDITION_ATTRIBUTES,PidTagPhysicalRenditionAttributes
0x0C11,PT_BINARY,PR_PROOF_OF_DELIVERY,PidTagProofOfDelivery
0x0C12,PT_BOOLEAN,PR_PROOF_OF_DELIVERY_REQUESTED,PidTagProofOfDeliveryRequested
0x0C13,PT_BINARY,PR_RECIPIENT_CERTIFICATE,PidTagRecipientCertificate
0x0C14,PT_TSTRING,PR_RECIPIENT_NUMBER_FOR_ADVICE,PidTagRecipientNumber
0x0C14,PT_STRING8,PR_RECIPIENT_NUMBER_FOR_ADVICE_A,PidTagRecipientNumber
0x0C14,PT_UNICODE,PR_RECIPIENT_NUMBER_FOR_ADVICE_W,PidTagRecipientNumber
0x0C15,PT_LONG,PR_RECIPIENT_TYPE,PidTagRecipientType
0x0C16,PT_LONG,PR_REGISTERED_MAIL_TYPE,PidTagRegisteredMailType
0x0C17,PT_BOOLEAN,PR_REPLY_REQUESTED,PidTagReplyRequested
0x0C18,PT_LONG,PR_REQUESTED_DELIVERY_METHOD,PidTagRequestedDeliveryMethod
0x0C19,PT_BINARY,PR_SENDER_ENTRYID,PidTagSenderEntryId
0x0C1A,PT_TSTRING,PR_SENDER_NAME,PidTagSenderName
0x0C1A,PT_STRING8,PR_SENDER_NAME_A,PidTagSenderName
0x0C1A,PT_UNICODE,PR_SENDER_NAME_W,PidTagSenderName
0x0C1B,PT_TSTRING,PR_SUPPLEMENTARY_INFO,PidTagSupplementaryInfo
0x0C1B,PT_STRING8,PR_SUPPLEMENTARY_INFO_A,PidTagSupplementaryInfo
0x0C1B,PT_UNICODE,PR_SUPPLEMENTARY_INFO_W,PidTagSupplementaryInfo
0x0C1C,PT_LONG,PR_TYPE_OF_MTS_USER,PidTagTypeOfX400User
0x0C1D,PT_BINARY,PR_SENDER_SEARCH_KEY,PidTagSenderSearchKey
0x0C1E,PT_TSTRING,PR_SENDER_ADDRTYPE,PidTagSenderAddressType
0x0C1E,PT_STRING8,PR_SENDER_ADDRTYPE_A,PidTagSenderAddressType
0x0C1E,PT_UNICODE,PR_SENDER_ADDRTYPE_W,PidTagSenderAddressType
0x0C1F,PT_TSTRING,PR_SENDER_EMAIL_ADDRESS,PidTagSenderEmailAddress
0x0C1F,PT_STRING8,PR_SENDER_EMAIL_ADDRESS_A,PidTagSenderEmailAddress
0x0C1F,PT_UNICODE,PR_SENDER_EMAIL_ADDRESS_W,PidTagSenderEmailAddress
0x0E00,PT_I8,PR_CURRENT_VERSION,
0x0E01,PT_BOOLEAN,PR_DELETE_AFTER_SUBMIT,PidTagDeleteAfterSubmit
0x0E02,PT_TSTRING,PR_DISPLAY_BCC,PidTagDisplayBcc
0x0E02,PT_STRING8,PR_DISPLAY_BCC_A,PidTagDisplayBcc
0x0E02,PT_UNICODE,PR_DISPLAY_BCC_W,PidTagDisplayBcc
0x0E03,PT_TSTRING,PR_DISPLAY_CC,PidTagDisplayCc
0x0E03,PT_STRING8,PR_DISPLAY_CC_A,PidTagDisplayCc
0x0E03,PT_UNICODE,PR_DISPLAY_CC_W,PidTagDisplayCc
0x0E04,PT_TSTRING,PR_DISPLAY_TO,PidTagDisplayTo
0x0E04,PT_STRING8,PR_DISPLAY_TO_A,PidTagDisplayTo
0x0E04,PT_UNICODE,PR_DISPLAY_TO_W,PidTagDisplayTo
0x0E05,PT_TSTRING,PR_PARENT_DISPLAY,PidTagParentDisplay
0x0E05,PT_STRING8,PR_PARENT_DISPLAY_A,PidTagParentDisplay
0x0E05,PT_UNICODE,PR_PARENT_DISPLAY_W,PidTagParentDisplay
0x0E06,PT_SYSTIME,PR_MESSAGE_DELIVERY_TIME,PidTagMessageDeliveryTime
0x0E07,PT_LONG,PR_MESSAGE_FLAGS,PidTagMessageFlags
0x0E08,PT_LONG,PR_MESSAGE_SIZE,PidTagMessageSize
0x0E09,PT_BINARY,PR_PARENT_ENTRYID,PidTagParentEntryId
0x0E0A,PT_BINARY,PR_SENTMAIL_ENTRYID,PidTagSentMailEntryId
0x0E0C,PT_BOOLEAN,PR_CORRELATE,PidTagCorrelate
0x0E0D,PT_BINARY,PR_CORRELATE_MTSID,PidTagCorrelateMtsid
0x0E0E,PT_BOOLEAN,PR_DISCRETE_VALUES,PidTagDiscreteValues
0x0E0F,PT_BOOLEAN,PR_RESPONSIBILITY,PidTagResponsibility
0x0E10,PT_LONG,PR_SPOOLER_STATUS,PidTagSpoolerStatus
0x0E11,PT_LONG,PR_TRANSPORT_STATUS,
0x0E12,PT_OBJECT,PR_MESSAGE_RECIPIENTS,PidTagMessageRecipients
0x0E13,PT_OBJECT,PR_MESSAGE_ATTACHMENTS,PidTagMessageAttachments
0x0E14,PT_LONG,PR_SUBMIT_FLAGS,PidTagSubmitFlags
0x0E15,PT_LONG,PR_RECIPIENT_STATUS,PidTagRecipientStatus
0x0E16,PT_LONG,PR_TRANSPORT_KEY,PidTagTransportKey
0x0E17,PT_LONG,PR_MSG_STATUS,PidTagMessageStatus
0x0E18,PT_LONG,PR_MESSAGE_DOWNLOAD_TIME,PidTagMessageDownloadTime
0x0E19,PT_I8,PR_CREATION_VERSION,
0x0E1A,PT_I8,PR_MODIFY_VERSION,PidTagMessageEditorFormat
0x0E1B,PT_BOOLEAN,PR_HASATTACH,PidTagHasAttachments
0x0E1C,PT_LONG,PR_BODY_CRC,PidTagBodyCrc
0x0E1D,PT_TSTRING,PR_NORMALIZED_SUBJECT,PidTagNormalizedSubject
0x0E1D,PT_STRING8,PR_NORMALIZED_SUBJECT_A,PidTagNormalizedSubject
0x0E1D,PT_UNICODE,PR_NORMALIZED_SUBJECT_W,PidTagNormalizedSubject
0x0E1F,PT_BOOLEAN,PR_RTF_IN_SYNC,PidTagRtfInSync
0x0E20,PT_LONG,PR_ATTACH_SIZE,PidTagAttachSize
0x0E21,PT_LONG,PR_ATTACH_NUM,PidTagAttachNumber
0x0E22,PT_BOOLEAN,PR_PREPROCESS,PidTagPreprocess
0x0E23,PT_LONG,PR_INTERNET_ARTICLE_NUMBER,PidTagInternetArticleNumber
0x0E25,PT_BINARY,PR_ORIGINATING_MTA_CERTIFICATE,PidTagOriginatingMtaCertificate
0x0E26,PT_BINARY,PR_PROOF_OF_SUBMISSION,PidTagProofOfSubmission
0x0E62,PT_BOOLEAN,PR_URL_COMP_NAME_SET,
0x0E79,PT_LONG,PR_TRUST_SENDER,
0x0FF4,PT_LONG,PR_ACCESS,PidTagAccessLevel
0x0FF5,PT_LONG,PR_ROW_TYPE,PidTagRowType
0x0FF6,PT_BINARY,PR_INSTANCE_KEY,PidTagInstanceKey
0x0FF7,PT_LONG,PR_ACCESS_LEVEL,PidTagAccess
0x0FF8,PT_BINARY,PR_MAPPING_SIGNATURE,PidTagMappingSignature
0x0FF9,PT_BINARY,PR_RECORD_KEY,PidTagRecordKey
0x0FFA,PT_BINARY,PR_STORE_RECORD_KEY,PidTagStoreRecordKey
0x0FFB,PT_BINARY,PR_STORE_ENTRYID,PidTagStoreEntryId
0x0FFC,PT_BINARY,PR_MINI_ICON,PidTagMiniIcon
0x0FFD,PT_BINARY,PR_ICON,PidTagIcon
0x0FFE,PT_LONG,PR_OBJECT_TYPE,PidTagObjectType
0x0FFF,PT_BINARY,PR_ENTRYID,PidTagEntryId
0x1000,PT_TSTRING,PR_BODY,PidTagBody
0x1000,PT_STRING8,PR_BODY_A,PidTagBody
0x1000,PT_UNICODE,PR_BODY_W,PidTagBody
0x1001,PT_TSTRING,PR_REPORT_TEXT,PidTagReportText
0x1001,PT_STRING8,PR_REPORT_TEXT_A,PidTagReportText
0x1001,PT_UNICODE,PR_REPORT_TEXT_W,PidTagReportText
0x1002,PT_BINARY,PR_ORIGINATOR_AND_DL_EXPANSION_HISTORY,PidTagOriginatorAndDistributionListExpansionHistory
0x1003,PT_BINARY,PR_REPORTING_DL_NAME,PidTagReportingDistributionListName
0x1004,PT_BINARY,PR_REPORTING_MTA_CERTIFICATE,PidTagReportingMessageTransferAgentCertificate
0x1006,PT_LONG,PR_RTF_SYNC_BODY_CRC,PidTagRtfSyncBodyCrc
0x1007,PT_LONG,PR_RTF_SYNC_BODY_COUNT,PidTagRtfSyncBodyCount
0x1008,PT_TSTRING,PR_RTF_SYNC_BODY_TAG,PidTagRtfSyncBodyTag
0x1008,PT_STRING8,PR_RTF_SYNC_BODY_TAG_A,PidTagRtfSyncBodyTag
0x1008,PT_UNICODE,PR_RTF_SYNC_BODY_TAG_W,PidTagRtfSyncBodyTag
0x1009,PT_BINARY,PR_RTF_COMPRESSED,PidTagRtfCompressed
0x1010,PT_LONG,PR_RTF_SYNC_PREFIX_COUNT,PidTagRtfSyncPrefixCount
0x1011,PT_LONG,PR_RTF_SYNC_TRAILING_COUNT,PidTagRtfSyncTrailingCount
0x1012,PT_BINARY,PR_ORIGINALLY_INTENDED_RECIP_ENTRYID,PidTagOriginallyIntendedRecipEntryId
0x1013,PT_TSTRING,PR_BODY_HTML,PidTagBodyHtml
0x1013,PT_STRING8,PR_BODY_HTML_A,PidTagBodyHtml
0x1013,PT_UNICODE,PR_BODY_HTML_W,PidTagBodyHtml
0x1013,PT_BINARY,PR_HTML,PidTagHtml
0x1014,PT_TSTRING,PR_BODY_CONTENT_LOCATION,PidTagBodyContentLocation
0x1014,PT_STRING8,PR_BODY_CONTENT_LOCATION_A,PidTagBodyContentLocation
0x1014,PT_UNICODE,PR_BODY_CONTENT_LOCATION_W,PidTagBodyContentLocation
0x1035,PT_TSTRING,PR_INTERNET_MESSAGE_ID,PidTagInternetMessageId
0x1035,PT_STRING8,PR_INTERNET_MESSAGE_ID_A,PidTagInternetMessageId
0x1035,PT_UNICODE,PR_INTERNET_MESSAGE_ID_W,PidTagInternetMessageId
0x1039,PT_TSTRING,PR_INTERNET_REFERENCES,PidTagInternetReferences
0x1039,PT_STRING8,PR_INTERNET_REFERENCES_A,PidTagInternetReferences
0x1039,PT_UNICODE,PR_INTERNET_REFERENCES_W,PidTagInternetReferences
0x1042,PT_TSTRING,PR_IN_REPLY_TO_ID,PidTagInReplyToId
0x1042,PT_STRING8,PR_IN_REPLY_TO_ID_A,PidTagInReplyToId
0x1042,PT_UNICODE,PR_IN_REPLY_TO_ID_W,PidTagInReplyToId
0x1046,PT_TSTRING,PR_INTERNET_RETURN_PATH,PidTagInternetReturnPath
0x1046,PT_STRING8,PR_INTERNET_RETURN_PATH_A,PidTagInternetReturnPath
0x1046,PT_UNICODE,PR_INTERNET_RETURN_PATH_W,PidTagInternetReturnPath
0x10F2,PT_BOOLEAN,PR_DISABLE_FULL_FIDELITY,
0x10F3,PT_UNICODE,PR_URL_COMP_NAME,PidTagUrlComponentName
0x10F4,PT_BOOLEAN,PR_ATTR_HIDDEN,PidTagAttributeHidden
0x10F5,PT_BOOLEAN,PR_ATTR_SYSTEM,PidTagAttributeSystem
0x10F6,PT_BOOLEAN,PR_ATTR_READONLY,PidTagAttributeReadOnly
0x3000,PT_LONG,PR_ROWID,PidTagRowid
0x3001,PT_TSTRING,PR_DISPLAY_NAME,PidTagDisplayName
0x3001,PT_STRING8,PR_DISPLAY_NAME_A,PidTagDisplayName
0x3001,PT_UNICODE,PR_DISPLAY_NAME_W,PidTagDisplayName
0x3002,PT_TSTRING,PR_ADDRTYPE,PidTagAddressType
0x3002,PT_STRING8,PR_ADDRTYPE_A,PidTagAddressType
0x3002,PT_UNICODE,PR_ADDRTYPE_W,PidTagAddressType
0x3003,PT_TSTRING,PR_EMAIL_ADDRESS,PidTagEmailAddress
0x3003,PT_STRING8,PR_EMAIL_ADDRESS_A,PidTagEmailAddress
0x3003,PT_UNICODE,PR_EMAIL_ADDRESS_W,PidTagEmailAddress
0x3004,PT_TSTRING,PR_COMMENT,PidTagComment
0x3004,PT_STRING8,PR_COMMENT_A,PidTagComment
0x3004,PT_UNICODE,PR_COMMENT_W,PidTagComment
0x3005,PT_LONG,PR_DEPTH,PidTagDepth
0x3006,PT_TSTRING,PR_PROVIDER_DISPLAY,PidTagProviderDisplay
0x3006,PT_STRING8,PR_PROVIDER_DISPLAY_A,PidTagProviderDisplay
0x3006,PT_UNICODE,PR_PROVIDER_DISPLAY_W,PidTagProviderDisplay
0x3007,PT_SYSTIME,PR_CREATION_TIME,PidTagCreationTime
0x3008,PT_SYSTIME,PR_LAST_MODIFICATION_TIME,PidTagLastModificationTime
0x3009,PT_LONG,PR_RESOURCE_FLAGS,PidTagResourceFlags
0x300A,PT_TSTRING,PR_PROVIDER_DLL_NAME,PidTagProviderDllName
0x300A,PT_STRING8,PR_PROVIDER_DLL_NAME_A,PidTagProviderDllName
0x300A,PT_UNICODE,PR_PROVIDER_DLL_NAME_W,PidTagProviderDllName
0x300B,PT_BINARY,PR_SEARCH_KEY,PidTagSearchKey
0x300C,PT_BINARY,PR_PROVIDER_UID,PidTagProviderUid
0x300D,PT_LONG,PR_PROVIDER_ORDINAL,PidTagProviderOrdinal
0x3301,PT_TSTRING,PR_FORM_VERSION,PidTagFormVersion
0x3301,PT_STRING8,PR_FORM_VERSION_A,PidTagFormVersion
0x3301,PT_UNICODE,PR_FORM_VERSION_W,PidTagFormVersion
0x3302,PT_CLSID,PR_FORM_CLSID,PidTagFormClassId
0x3303,PT_TSTRING,PR_FORM_CONTACT_NAME,PidTagFormContactName
0x3303,PT_STRING8,PR_FORM_CONTACT_NAME_A,PidTagFormContactName
0x3303,PT_UNICODE,PR_FORM_CONTACT_NAME_W,PidTagFormContactName
0x3304,PT_TSTRING,PR_FORM_CATEGORY,PidTagFormCategory
0x3304,PT_UNICODE,PR_FORM_CATEGORY_W,PidTagFormCategory
0x3304,PT_STRING8,PR_FORM_CATEGORY_A,PidTagFormCategorySub
0x3305,PT_UNICODE,PR_FORM_CATEGORY_SUB_W,PidTagFormCategory
0x3305,PT_TSTRING,PR_FORM_CATEGORY_SUB,PidTagFormCategorySub
0x3305,PT_STRING8,PR_FORM_CATEGORY_SUB_A,PidTagFormCategorySub
0x3306,PT_MV_LONG,PR_FORM_HOST_MAP,PidTagFormHostMap
0x3307,PT_BOOLEAN,PR_FORM_HIDDEN,PidTagFormHidden
0x3308,PT_TSTRING,PR_FORM_DESIGNER_NAME,PidTagFormDesignerName
0x3308,PT_STRING8,PR_FORM_DESIGNER_NAME_A,PidTagFormDesignerName
0x3308,PT_UNICODE,PR_FORM_DESIGNER_NAME_W,PidTagFormDesignerName
0x3309,PT_GUID,PR_FORM_DESIGNER_GUID,PidTagFormDesignerGuid
0x330A,PT_LONG,PR_FORM_MESSAGE_BEHAVIOR,PidTagFormMessageBehavior
0x3400,PT_BOOLEAN,PR_DEFAULT_STORE,PidTagDefaultStore
0x340D,PT_LONG,PR_STORE_SUPPORT_MASK,PidTagStoreSupportMask
0x340E,PT_LONG,PR_STORE_STATE,PidTagStoreState
0x3410,PT_BINARY,PR_IPM_SUBTREE_SEARCH_KEY,
0x3411,PT_BINARY,PR_IPM_OUTBOX_SEARCH_KEY,PidTagIpmOutboxEntryId
0x3412,PT_BINARY,PR_IPM_WASTEBASKET_SEARCH_KEY,
0x3413,PT_BINARY,PR_IPM_SENTMAIL_SEARCH_KEY,
0x3414,PT_BINARY,PR_MDB_PROVIDER,PidTagStoreProvider
0x3415,PT_OBJECT,PR_RECEIVE_FOLDER_SETTINGS,PidTagReceiveFolderSettings
0x35DF,PT_LONG,PR_VALID_FOLDER_MASK,PidTagValidFolderMask
0x35E0,PT_BINARY,PR_IPM_SUBTREE_ENTRYID,PidTagIpmSubtreeEntryId
0x35E2,PT_BINARY,PR_IPM_OUTBOX_ENTRYID,
0x35E3,PT_BINARY,PR_IPM_WASTEBASKET_ENTRYID,PidTagIpmWastebasketEntryId
0x35E4,PT_BINARY,PR_IPM_SENTMAIL_ENTRYID,PidTagIpmSentMailEntryId
0x35E5,PT_BINARY,PR_VIEWS_ENTRYID,PidTagViewsEntryId
0x35E6,PT_BINARY,PR_COMMON_VIEWS_ENTRYID,PidTagCommonViewsEntryId
0x35E7,PT_BINARY,PR_FINDER_ENTRYID,
0x3600,PT_LONG,PR_CONTAINER_FLAGS,PidTagContainerFlags
0x3601,PT_LONG,PR_FOLDER_TYPE,PidTagFolderType
0x3602,PT_LONG,PR_CONTENT_COUNT,PidTagContentCount
0x3603,PT_LONG,PR_CONTENT_UNREAD,PidTagContentUnreadCount
0x3604,PT_OBJECT,PR_CREATE_TEMPLATES,PidTagCreateTemplates
0x3605,PT_OBJECT,PR_DETAILS_TABLE,PidTagDetailsTable
0x3607,PT_OBJECT,PR_SEARCH,PidTagSearch
0x3609,PT_BOOLEAN,PR_SELECTABLE,PidTagSelectable
0x360A,PT_BOOLEAN,PR_SUBFOLDERS,PidTagSubfolders
0x360B,PT_LONG,PR_STATUS,PidTagStatus
0x360C,PT_TSTRING,PR_ANR,PidTagAnr
0x360C,PT_STRING8,PR_ANR_A,PidTagAnr
0x360C,PT_UNICODE,PR_ANR_W,PidTagAnr
0x360D,PT_MV_LONG,PR_CONTENTS_SORT_ORDER,
0x360E,PT_OBJECT,PR_CONTAINER_HIERARCHY,PidTagContainerHierarchy
0x360F,PT_OBJECT,PR_CONTAINER_CONTENTS,PidTagContainerContents
0x3610,PT_OBJECT,PR_FOLDER_ASSOCIATED_CONTENTS,PidTagFolderAssociatedContents
0x3611,PT_BINARY,PR_DEF_CREATE_DL,PidTagDefCreateDl
0x3612,PT_BINARY,PR_DEF_CREATE_MAILUSER,PidTagDefCreateMailuser
0x3613,PT_TSTRING,PR_CONTAINER_CLASS,PidTagContainerClass
0x3613,PT_STRING8,PR_CONTAINER_CLASS_A,PidTagContainerClass
0x3613,PT_UNICODE,PR_CONTAINER_CLASS_W,PidTagContainerClass
0x3614,PT_I8,PR_CONTAINER_MODIFY_VERSION,
0x3615,PT_BINARY,PR_AB_PROVIDER_ID,PidTagAbProviderId
0x3616,PT_BINARY,PR_DEFAULT_VIEW_ENTRYID,PidTagDefaultViewEntryId
0x3617,PT_LONG,PR_ASSOC_CONTENT_COUNT,PidTagAssociatedContentCount
0x361C,PT_BINARY,PR_PACKED_NAME_PROPS,
0X36D0,PT_BINARY,PR_IPM_APPOINTMENT_ENTRYID,PidTagIpmAppointmentEntryId
0X36D1,PT_BINARY,PR_IPM_CONTACT_ENTRYID,PidTagIpmContactEntryId
0X36D2,PT_BINARY,PR_IPM_DRAFTS_ENTRYID,PidTagIpmDraftsEntryId
0X36D3,PT_BINARY,PR_IPM_JOURNAL_ENTRYID,PidTagIpmJournalEntryId
0X36D4,PT_BINARY,PR_IPM_NOTE_ENTRYID,PidTagIpmNoteEntryId
0x36D4,PT_BINARY,PR_IPM_TASK_ENTRYID,PidTagIpmTaskEntryId
0x36D5,PT_BINARY,PR_REMINDERS_ONLINE_ENTRYID,PidTagRemindersOnlineEntryId
0x36D7,PT_BINARY,PR_IPM_DRAFTS_ENTRYID,PidTagIpmDraftsEntryId
0x36D8,PT_MV_BINARY,PR_OUTLOOK_2003_ENTRYIDS,PR_OUTLOOK_2003_ENTRYIDS
0x36DA,PT_BINARY,PR_EXTENDED_FOLDER_FLAGS,PidTagExtendedFolderFlags
0x36E0,PT_BINARY,PR_FOLDER_XVIEWINFO_E,
0x36E1,PT_LONG,PR_FOLDER_VIEWS_ONLY,
0x36E4,PT_MV_BINARY,PR_FREEBUSY_ENTRYIDS,PidTagFreeBusyEntryId
0x3700,PT_BINARY,PR_ATTACHMENT_X400_PARAMETERS,
0x3701,PT_BINARY,PR_ATTACH_DATA_BIN,PidTagAttachDataBinary
0x3701,PT_OBJECT,PR_ATTACH_DATA_OBJ,PidTagAttachDataObject
0x3702,PT_BINARY,PR_ATTACH_ENCODING,PidTagAttachEncoding
0x3703,PT_TSTRING,PR_ATTACH_EXTENSION,PidTagAttachExtension
0x3703,PT_STRING8,PR_ATTACH_EXTENSION_A,PidTagAttachExtension
0x3703,PT_UNICODE,PR_ATTACH_EXTENSION_W,PidTagAttachExtension
0x3704,PT_TSTRING,PR_ATTACH_FILENAME,PidTagAttachFilename
0x3704,PT_STRING8,PR_ATTACH_FILENAME_A,PidTagAttachFilename
0x3704,PT_UNICODE,PR_ATTACH_FILENAME_W,PidTagAttachFilename
0x3705,PT_LONG,PR_ATTACH_METHOD,PidTagAttachMethod
0x3707,PT_TSTRING,PR_ATTACH_LONG_FILENAME,PidTagAttachLongFilename
0x3707,PT_STRING8,PR_ATTACH_LONG_FILENAME_A,PidTagAttachLongFilename
0x3707,PT_UNICODE,PR_ATTACH_LONG_FILENAME_W,PidTagAttachLongFilename
0x3708,PT_TSTRING,PR_ATTACH_PATHNAME,PidTagAttachPathname
0x3708,PT_STRING8,PR_ATTACH_PATHNAME_A,PidTagAttachPathname
0x3708,PT_UNICODE,PR_ATTACH_PATHNAME_W,PidTagAttachPathname
0x3709,PT_BINARY,PR_ATTACH_RENDERING,PidTagAttachRendering
0x370A,PT_BINARY,PR_ATTACH_TAG,PidTagAttachTag
0x370B,PT_LONG,PR_RENDERING_POSITION,PidTagRenderingPosition
0x370C,PT_TSTRING,PR_ATTACH_TRANSPORT_NAME,PidTagAttachTransportName
0x370C,PT_STRING8,PR_ATTACH_TRANSPORT_NAME_A,PidTagAttachTransportName
0x370C,PT_UNICODE,PR_ATTACH_TRANSPORT_NAME_W,PidTagAttachTransportName
0x370D,PT_TSTRING,PR_ATTACH_LONG_PATHNAME,PidTagAttachLongPathname
0x370D,PT_STRING8,PR_ATTACH_LONG_PATHNAME_A,PidTagAttachLongPathname
0x370D,PT_UNICODE,PR_ATTACH_LONG_PATHNAME_W,PidTagAttachLongPathname
0x370E,PT_TSTRING,PR_ATTACH_MIME_TAG,PidTagAttachMimeTag
0x370E,PT_STRING8,PR_ATTACH_MIME_TAG_A,PidTagAttachMimeTag
0x370E,PT_UNICODE,PR_ATTACH_MIME_TAG_W,PidTagAttachMimeTag
0x370F,PT_BINARY,PR_ATTACH_ADDITIONAL_INFO,PidTagAttachAdditionalInformation
0x3900,PT_LONG,PR_DISPLAY_TYPE,PidTagDisplayType
0x3902,PT_BINARY,PR_TEMPLATEID,PidTagTemplateid
0x3904,PT_BINARY,PR_PRIMARY_CAPABILITY,PidTagPrimaryFaxNumber
0x39FF,PT_STRING8,PR_7BIT_DISPLAY_NAME,PidTag7BitDisplayName
0x3A00,PT_TSTRING,PR_ACCOUNT,PidTagAccount
0x3A00,PT_STRING8,PR_ACCOUNT_A,PidTagAccount
0x3A00,PT_UNICODE,PR_ACCOUNT_W,PidTagAccount
0x3A01,PT_BINARY,PR_ALTERNATE_RECIPIENT,PidTagAlternateRecipient
0x3A02,PT_TSTRING,PR_CALLBACK_TELEPHONE_NUMBER,PidTagCallbackTelephoneNumber
0x3A02,PT_STRING8,PR_CALLBACK_TELEPHONE_NUMBER_A,PidTagCallbackTelephoneNumber
0x3A02,PT_UNICODE,PR_CALLBACK_TELEPHONE_NUMBER_W,PidTagCallbackTelephoneNumber
0x3A03,PT_BOOLEAN,PR_CONVERSION_PROHIBITED,PidTagConversionProhibited
0x3A04,PT_BOOLEAN,PR_DISCLOSE_RECIPIENTS,
0x3A05,PT_TSTRING,PR_GENERATION,PidTagGeneration
0x3A05,PT_STRING8,PR_GENERATION_A,PidTagGeneration
0x3A05,PT_UNICODE,PR_GENERATION_W,PidTagGeneration
0x3A06,PT_TSTRING,PR_GIVEN_NAME,PidTagGivenName
0x3A06,PT_STRING8,PR_GIVEN_NAME_A,PidTagGivenName
0x3A06,PT_UNICODE,PR_GIVEN_NAME_W,PidTagGivenName
0x3A07,PT_TSTRING,PR_GOVERNMENT_ID_NUMBER,PidTagGovernmentIdNumber
0x3A07,PT_STRING8,PR_GOVERNMENT_ID_NUMBER_A,PidTagGovernmentIdNumber
0x3A07,PT_UNICODE,PR_GOVERNMENT_ID_NUMBER_W,PidTagGovernmentIdNumber
0x3A08,PT_TSTRING,PR_BUSINESS_TELEPHONE_NUMBER,PidTagBusinessTelephoneNumber
0x3A08,PT_STRING8,PR_BUSINESS_TELEPHONE_NUMBER_A,PidTagBusinessTelephoneNumber
0x3A08,PT_UNICODE,PR_BUSINESS_TELEPHONE_NUMBER_W,PidTagBusinessTelephoneNumber
0x3A08,PT_TSTRING,PR_OFFICE_TELEPHONE_NUMBER,PidTagBusinessTelephoneNumber
0x3A08,PT_STRING8,PR_OFFICE_TELEPHONE_NUMBER_A,PidTagBusinessTelephoneNumber
0x3A08,PT_UNICODE,PR_OFFICE_TELEPHONE_NUMBER_W,PidTagBusinessTelephoneNumber
0x3A09,PT_TSTRING,PR_HOME_TELEPHONE_NUMBER,PidTagHomeTelephoneNumber
0x3A09,PT_STRING8,PR_HOME_TELEPHONE_NUMBER_A,PidTagHomeTelephoneNumber
0x3A09,PT_UNICODE,PR_HOME_TELEPHONE_NUMBER_W,PidTagHomeTelephoneNumber
0x3A0A,PT_TSTRING,PR_INITIALS,PidTagInitials
0x3A0A,PT_STRING8,PR_INITIALS_A,PidTagInitials
0x3A0A,PT_UNICODE,PR_INITIALS_W,PidTagInitials
0x3A0B,PT_TSTRING,PR_KEYWORD,PidTagKeyword
0x3A0B,PT_STRING8,PR_KEYWORD_A,PidTagKeyword
0x3A0B,PT_UNICODE,PR_KEYWORD_W,PidTagKeyword
0x3A0C,PT_TSTRING,PR_LANGUAGE,PidTagLanguage
0x3A0C,PT_STRING8,PR_LANGUAGE_A,PidTagLanguage
0x3A0C,PT_UNICODE,PR_LANGUAGE_W,PidTagLanguage
0x3A0D,PT_TSTRING,PR_LOCATION,PidTagLocation
0x3A0D,PT_STRING8,PR_LOCATION_A,PidTagLocation
0x3A0D,PT_UNICODE,PR_LOCATION_W,PidTagLocation
0x3A0E,PT_BOOLEAN,PR_MAIL_PERMISSION,PidTagMailPermission
0x3A0F,PT_TSTRING,PR_MHS_COMMON_NAME,PidTagMessageHandlingSystemCommonName
0x3A0F,PT_STRING8,PR_MHS_COMMON_NAME_A,PidTagMessageHandlingSystemCommonName
0x3A0F,PT_UNICODE,PR_MHS_COMMON_NAME_W,PidTagMessageHandlingSystemCommonName
0x3A10,PT_TSTRING,PR_ORGANIZATIONAL_ID_NUMBER,PidTagOrganizationalIdNumber
0x3A10,PT_STRING8,PR_ORGANIZATIONAL_ID_NUMBER_A,PidTagOrganizationalIdNumber
0x3A10,PT_UNICODE,PR_ORGANIZATIONAL_ID_NUMBER_W,PidTagOrganizationalIdNumber
0x3A11,PT_TSTRING,PR_SURNAME,PidTagSurname
0x3A11,PT_STRING8,PR_SURNAME_A,PidTagSurname
0x3A11,PT_UNICODE,PR_SURNAME_W,PidTagSurname
0x3A12,PT_BINARY,PR_ORIGINAL_ENTRYID,PidTagOriginalEntryId
0x3A13,PT_TSTRING,PR_ORIGINAL_DISPLAY_NAME,PidTagOriginalDisplayName
0x3A13,PT_STRING8,PR_ORIGINAL_DISPLAY_NAME_A,PidTagOriginalDisplayName
0x3A13,PT_UNICODE,PR_ORIGINAL_DISPLAY_NAME_W,PidTagOriginalDisplayName
0x3A14,PT_BINARY,PR_ORIGINAL_SEARCH_KEY,PidTagOriginalSearchKey
0x3A15,PT_TSTRING,PR_POSTAL_ADDRESS,PidTagPostalAddress
0x3A15,PT_STRING8,PR_POSTAL_ADDRESS_A,PidTagPostalAddress
0x3A15,PT_UNICODE,PR_POSTAL_ADDRESS_W,PidTagPostalAddress
0x3A16,PT_TSTRING,PR_COMPANY_NAME,PidTagCompanyName
0x3A16,PT_STRING8,PR_COMPANY_NAME_A,PidTagCompanyName
0x3A16,PT_UNICODE,PR_COMPANY_NAME_W,PidTagCompanyName
0x3A17,PT_TSTRING,PR_TITLE,PidTagTitle
0x3A17,PT_STRING8,PR_TITLE_A,PidTagTitle
0x3A17,PT_UNICODE,PR_TITLE_W,PidTagTitle
0x3A18,PT_TSTRING,PR_DEPARTMENT_NAME,PidTagDepartmentName
0x3A18,PT_STRING8,PR_DEPARTMENT_NAME_A,PidTagDepartmentName
0x3A18,PT_UNICODE,PR_DEPARTMENT_NAME_W,PidTagDepartmentName
0x3A19,PT_TSTRING,PR_OFFICE_LOCATION,PidTagOfficeLocation
0x3A19,PT_STRING8,PR_OFFICE_LOCATION_A,PidTagOfficeLocation
0x3A19,PT_UNICODE,PR_OFFICE_LOCATION_W,PidTagOfficeLocation
0x3A1A,PT_TSTRING,PR_PRIMARY_TELEPHONE_NUMBER,PidTagPrimaryTelephoneNumber
0x3A1A,PT_STRING8,PR_PRIMARY_TELEPHONE_NUMBER_A,PidTagPrimaryTelephoneNumber
0x3A1A,PT_UNICODE,PR_PRIMARY_TELEPHONE_NUMBER_W,PidTagPrimaryTelephoneNumber
0x3A1B,PT_UNICODE,PR_BUSINESS2_TELEPHONE_NUMBER_W,PidTagBusiness2TelephoneNumber
0x3A1B,PT_TSTRING,PR_OFFICE2_TELEPHONE_NUMBER,PidTagBusiness2TelephoneNumber
0x3A1B,PT_STRING8,PR_OFFICE2_TELEPHONE_NUMBER_A,PidTagBusiness2TelephoneNumber
0x3A1B,PT_UNICODE,PR_OFFICE2_TELEPHONE_NUMBER_W,PidTagBusiness2TelephoneNumber
0x3A1B,PT_STRING8,PR_BUSINESS2_TELEPHONE_NUMBER_A,PidTagBusiness2TelephoneNumbers
0x3A1B,PT_TSTRING,PR_BUSINESS2_TELEPHONE_NUMBER,PidTagBusinessTelephoneNumber
0x3A1C,PT_TSTRING,PR_MOBILE_TELEPHONE_NUMBER,PidTagMobileTelephoneNumber
0x3A1C,PT_STRING8,PR_MOBILE_TELEPHONE_NUMBER_A,PidTagMobileTelephoneNumber
0x3A1C,PT_UNICODE,PR_MOBILE_TELEPHONE_NUMBER_W,PidTagMobileTelephoneNumber
0x3A1D,PT_TSTRING,PR_RADIO_TELEPHONE_NUMBER,PidTagRadioTelephoneNumber
0x3A1D,PT_STRING8,PR_RADIO_TELEPHONE_NUMBER_A,PidTagRadioTelephoneNumber
0x3A1D,PT_UNICODE,PR_RADIO_TELEPHONE_NUMBER_W,PidTagRadioTelephoneNumber
0x3A1E,PT_TSTRING,PR_CAR_TELEPHONE_NUMBER,PidTagCarTelephoneNumber
0x3A1E,PT_STRING8,PR_CAR_TELEPHONE_NUMBER_A,PidTagCarTelephoneNumber
0x3A1E,PT_UNICODE,PR_CAR_TELEPHONE_NUMBER_W,PidTagCarTelephoneNumber
0x3A1F,PT_TSTRING,PR_OTHER_TELEPHONE_NUMBER,PidTagOtherTelephoneNumber
0x3A1F,PT_STRING8,PR_OTHER_TELEPHONE_NUMBER_A,PidTagOtherTelephoneNumber
0x3A1F,PT_UNICODE,PR_OTHER_TELEPHONE_NUMBER_W,PidTagOtherTelephoneNumber
0x3A20,PT_TSTRING,PR_TRANSMITABLE_DISPLAY_NAME,PidTagTransmittableDisplayName
0x3A20,PT_STRING8,PR_TRANSMITABLE_DISPLAY_NAME_A,PidTagTransmittableDisplayName
0x3A20,PT_UNICODE,PR_TRANSMITABLE_DISPLAY_NAME_W,PidTagTransmittableDisplayName
0x3A21,PT_TSTRING,PR_PAGER_TELEPHONE_NUMBER,PidTagPagerTelephoneNumber
0x3A21,PT_STRING8,PR_PAGER_TELEPHONE_NUMBER_A,PidTagPagerTelephoneNumber
0x3A21,PT_UNICODE,PR_PAGER_TELEPHONE_NUMBER_W,PidTagPagerTelephoneNumber
0x3A22,PT_BINARY,PR_USER_CERTIFICATE,PidTagUserCertificate
0x3A23,PT_TSTRING,PR_PRIMARY_FAX_NUMBER,PidTagPrimaryFaxNumber
0x3A23,PT_STRING8,PR_PRIMARY_FAX_NUMBER_A,PidTagPrimaryFaxNumber
0x3A23,PT_UNICODE,PR_PRIMARY_FAX_NUMBER_W,PidTagPrimarySendAccount
0x3A24,PT_TSTRING,PR_BUSINESS_FAX_NUMBER,PidTagBusinessFaxNumber
0x3A24,PT_STRING8,PR_BUSINESS_FAX_NUMBER_A,PidTagBusinessFaxNumber
0x3A24,PT_UNICODE,PR_BUSINESS_FAX_NUMBER_W,PidTagBusinessFaxNumber
0x3A25,PT_TSTRING,PR_HOME_FAX_NUMBER,PidTagHomeFaxNumber
0x3A25,PT_STRING8,PR_HOME_FAX_NUMBER_A,PidTagHomeFaxNumber
0x3A25,PT_UNICODE,PR_HOME_FAX_NUMBER_W,PidTagHomeFaxNumber
0x3A26,PT_TSTRING,PR_COUNTRY,PidTagCountry
0x3A26,PT_STRING8,PR_COUNTRY_A,PidTagCountry
0x3A26,PT_UNICODE,PR_COUNTRY_W,PidTagCountry
0x3A26,PT_TSTRING,PR_BUSINESS_ADDRESS_COUNTRY,PidTagCountry
0x3A26,PT_STRING8,PR_BUSINESS_ADDRESS_COUNTRY_A,PidTagCountry
0x3A26,PT_UNICODE,PR_BUSINESS_ADDRESS_COUNTRY_W,PidTagCountry
0x3A27,PT_TSTRING,PR_LOCALITY,PidTagLocality
0x3A27,PT_STRING8,PR_LOCALITY_A,PidTagLocality
0x3A27,PT_UNICODE,PR_LOCALITY_W,PidTagLocality
0x3A28,PT_TSTRING,PR_BUSINESS_ADDRESS_STATE_OR_PROVINCE,PidTagStateOrProvince
0x3A28,PT_STRING8,PR_BUSINESS_ADDRESS_STATE_OR_PROVINCE_A,PidTagStateOrProvince
0x3A28,PT_UNICODE,PR_BUSINESS_ADDRESS_STATE_OR_PROVINCE_W,PidTagStateOrProvince
0x3A28,PT_TSTRING,PR_STATE_OR_PROVINCE,PidTagStateOrProvince
0x3A28,PT_STRING8,PR_STATE_OR_PROVINCE_A,PidTagStateOrProvince
0x3A28,PT_UNICODE,PR_STATE_OR_PROVINCE_W,PidTagStateOrProvince
0x3A29,PT_TSTRING,PR_BUSINESS_ADDRESS_STREET,PidTagStreetAddress
0x3A29,PT_STRING8,PR_BUSINESS_ADDRESS_STREET_A,PidTagStreetAddress
0x3A29,PT_UNICODE,PR_BUSINESS_ADDRESS_STREET_W,PidTagStreetAddress
0x3A29,PT_TSTRING,PR_STREET_ADDRESS,PidTagStreetAddress
0x3A29,PT_STRING8,PR_STREET_ADDRESS_A,PidTagStreetAddress
0x3A29,PT_UNICODE,PR_STREET_ADDRESS_W,PidTagStreetAddress
0x3A2A,PT_TSTRING,PR_POSTAL_CODE,PidTagPostalCode
0x3A2A,PT_STRING8,PR_POSTAL_CODE_A,PidTagPostalCode
0x3A2A,PT_UNICODE,PR_POSTAL_CODE_W,PidTagPostalCode
0x3A2A,PT_TSTRING,PR_BUSINESS_ADDRESS_POSTAL_CODE,PidTagPostalCode
0x3A2A,PT_STRING8,PR_BUSINESS_ADDRESS_POSTAL_CODE_A,PidTagPostalCode
0x3A2A,PT_UNICODE,PR_BUSINESS_ADDRESS_POSTAL_CODE_W,PidTagPostalCode
0x3A2B,PT_TSTRING,PR_POST_OFFICE_BOX,PidTagPostOfficeBox
0x3A2B,PT_STRING8,PR_POST_OFFICE_BOX_A,PidTagPostOfficeBox
0x3A2B,PT_UNICODE,PR_POST_OFFICE_BOX_W,PidTagPostOfficeBox
0x3A2B,PT_TSTRING,PR_BUSINESS_ADDRESS_POST_OFFICE_BOX,PidTagPostOfficeBox
0x3A2B,PT_STRING8,PR_BUSINESS_ADDRESS_POST_OFFICE_BOX_A,PidTagPostOfficeBox
0x3A2B,PT_UNICODE,PR_BUSINESS_ADDRESS_POST_OFFICE_BOX_W,PidTagPostOfficeBox
0x3A2C,PT_TSTRING,PR_TELEX_NUMBER,PidTagTelexNumber
0x3A2C,PT_STRING8,PR_TELEX_NUMBER_A,PidTagTelexNumber
0x3A2C,PT_UNICODE,PR_TELEX_NUMBER_W,PidTagTelexNumber
0x3A2D,PT_TSTRING,PR_ISDN_NUMBER,PidTagIsdnNumber
0x3A2D,PT_STRING8,PR_ISDN_NUMBER_A,PidTagIsdnNumber
0x3A2D,PT_UNICODE,PR_ISDN_NUMBER_W,PidTagIsdnNumber
0x3A2E,PT_TSTRING,PR_ASSISTANT_TELEPHONE_NUMBER,PidTagAssistantTelephoneNumber
0x3A2E,PT_STRING8,PR_ASSISTANT_TELEPHONE_NUMBER_A,PidTagAssistantTelephoneNumber
0x3A2E,PT_UNICODE,PR_ASSISTANT_TELEPHONE_NUMBER_W,PidTagAssistantTelephoneNumber
0x3A2F,PT_TSTRING,PR_HOME2_TELEPHONE_NUMBER,PidTagHome2TelephoneNumber
0x3A2F,PT_STRING8,PR_HOME2_TELEPHONE_NUMBER_A,PidTagHome2TelephoneNumber
0x3A2F,PT_UNICODE,PR_HOME2_TELEPHONE_NUMBER_W,PidTagHome2TelephoneNumber
0x3A30,PT_TSTRING,PR_ASSISTANT,PidTagAssistant
0x3A30,PT_STRING8,PR_ASSISTANT_A,PidTagAssistant
0x3A30,PT_UNICODE,PR_ASSISTANT_W,PidTagAssistant
0x3A40,PT_BOOLEAN,PR_SEND_RICH_INFO,PidTagSendRichInfo
0x3A41,PT_SYSTIME,PR_WEDDING_ANNIVERSARY,PidTagWeddingAnniversary
0x3A42,PT_SYSTIME,PR_BIRTHDAY,PidTagBirthday
0x3A43,PT_TSTRING,PR_HOBBIES,PidTagHobbies
0x3A43,PT_STRING8,PR_HOBBIES_A,PidTagHobbies
0x3A43,PT_UNICODE,PR_HOBBIES_W,PidTagHobbies
0x3A44,PT_TSTRING,PR_MIDDLE_NAME,PidTagMiddleName
0x3A44,PT_STRING8,PR_MIDDLE_NAME_A,PidTagMiddleName
0x3A44,PT_UNICODE,PR_MIDDLE_NAME_W,PidTagMiddleName
0x3A45,PT_TSTRING,PR_DISPLAY_NAME_PREFIX,PidTagDisplayNamePrefix
0x3A45,PT_STRING8,PR_DISPLAY_NAME_PREFIX_A,PidTagDisplayNamePrefix
0x3A45,PT_UNICODE,PR_DISPLAY_NAME_PREFIX_W,PidTagDisplayNamePrefix
0x3A46,PT_TSTRING,PR_PROFESSION,PidTagProfession
0x3A46,PT_STRING8,PR_PROFESSION_A,PidTagProfession
0x3A46,PT_UNICODE,PR_PROFESSION_W,PidTagProfession
0x3A47,PT_TSTRING,PR_PREFERRED_BY_NAME,PidTagPreferredByName
0x3A47,PT_UNICODE,PR_PREFERRED_BY_NAME_W,PidTagPreferredByName
0x3A48,PT_TSTRING,PR_SPOUSE_NAME,PidTagSpouseName
0x3A48,PT_STRING8,PR_SPOUSE_NAME_A,PidTagSpouseName
0x3A48,PT_UNICODE,PR_SPOUSE_NAME_W,PidTagSpouseName
0x3A49,PT_TSTRING,PR_COMPUTER_NETWORK_NAME,PidTagComputerNetworkName
0x3A49,PT_STRING8,PR_COMPUTER_NETWORK_NAME_A,PidTagComputerNetworkName
0x3A49,PT_UNICODE,PR_COMPUTER_NETWORK_NAME_W,PidTagComputerNetworkName
0x3A4A,PT_TSTRING,PR_CUSTOMER_ID,PidTagCustomerId
0x3A4A,PT_STRING8,PR_CUSTOMER_ID_A,PidTagCustomerId
0x3A4A,PT_UNICODE,PR_CUSTOMER_ID_W,PidTagCustomerId
0x3A4B,PT_TSTRING,PR_TTYTDD_PHONE_NUMBER,PidTagTelecommunicationsDeviceForDeafTelephoneNumber
0x3A4B,PT_STRING8,PR_TTYTDD_PHONE_NUMBER_A,PidTagTelecommunicationsDeviceForDeafTelephoneNumber
0x3A4B,PT_UNICODE,PR_TTYTDD_PHONE_NUMBER_W,PidTagTtyTddPhoneNumber
0x3A4C,PT_TSTRING,PR_FTP_SITE,PidTagFtpSite
0x3A4C,PT_STRING8,PR_FTP_SITE_A,PidTagFtpSite
0x3A4C,PT_UNICODE,PR_FTP_SITE_W,PidTagFtpSite
0x3A4D,PT_SHORT,PR_GENDER,PidTagGender
0x3A4E,PT_TSTRING,PR_MANAGER_NAME,PidTagManagerName
0x3A4E,PT_STRING8,PR_MANAGER_NAME_A,PidTagManagerName
0x3A4E,PT_UNICODE,PR_MANAGER_NAME_W,PidTagManagerName
0x3A4F,PT_TSTRING,PR_NICKNAME,PidTagNickname
0x3A4F,PT_STRING8,PR_NICKNAME_A,PidTagNickname
0x3A4F,PT_UNICODE,PR_NICKNAME_W,PidTagNickname
0x3A50,PT_TSTRING,PR_PERSONAL_HOME_PAGE,PidTagPersonalHomePage
0x3A50,PT_STRING8,PR_PERSONAL_HOME_PAGE_A,PidTagPersonalHomePage
0x3A50,PT_UNICODE,PR_PERSONAL_HOME_PAGE_W,PidTagPersonalHomePage
0x3A51,PT_TSTRING,PR_BUSINESS_HOME_PAGE,PidTagBusinessHomePage
0x3A51,PT_STRING8,PR_BUSINESS_HOME_PAGE_A,PidTagBusinessHomePage
0x3A51,PT_UNICODE,PR_BUSINESS_HOME_PAGE_W,PidTagBusinessHomePage
0x3A52,PT_CLSID,PR_CONTACT_VERSION,PidTagContactVersion
0x3A53,PT_MV_BINARY,PR_CONTACT_ENTRYIDS,
0x3A54,PT_MV_TSTRING,PR_CONTACT_ADDRTYPES,PidTagContactAddressTypes
0x3A54,PT_MV_STRING8,PR_CONTACT_ADDRTYPES_A,PidTagContactAddressTypes
0x3A54,PT_MV_UNICODE,PR_CONTACT_ADDRTYPES_W,PidTagContactAddressTypes
0x3A55,PT_LONG,PR_CONTACT_DEFAULT_ADDRESS_INDEX,
0x3A56,PT_MV_TSTRING,PR_CONTACT_EMAIL_ADDRESSES,
0x3A56,PT_MV_STRING8,PR_CONTACT_EMAIL_ADDRESSES_A,
0x3A56,PT_MV_UNICODE,PR_CONTACT_EMAIL_ADDRESSES_W,
0x3A57,PT_TSTRING,PR_COMPANY_MAIN_PHONE_NUMBER,PidTagCompanyMainTelephoneNumber
0x3A57,PT_STRING8,PR_COMPANY_MAIN_PHONE_NUMBER_A,PidTagCompanyMainTelephoneNumber
0x3A57,PT_UNICODE,PR_COMPANY_MAIN_PHONE_NUMBER_W,PidTagCompanyMainTelephoneNumber
0x3A58,PT_MV_TSTRING,PR_CHILDRENS_NAMES,PidTagChildrensNames
0x3A58,PT_MV_STRING8,PR_CHILDRENS_NAMES_A,PidTagChildrensNames
0x3A58,PT_MV_UNICODE,PR_CHILDRENS_NAMES_W,PidTagChildrensNames
0x3A59,PT_TSTRING,PR_HOME_ADDRESS_CITY,PidTagHomeAddressCity
0x3A59,PT_STRING8,PR_HOME_ADDRESS_CITY_A,PidTagHomeAddressCity
0x3A59,PT_UNICODE,PR_HOME_ADDRESS_CITY_W,PidTagHomeAddressCity
0x3A5A,PT_TSTRING,PR_HOME_ADDRESS_COUNTRY,PidTagHomeAddressCountry
0x3A5A,PT_STRING8,PR_HOME_ADDRESS_COUNTRY_A,PidTagHomeAddressCountry
0x3A5A,PT_UNICODE,PR_HOME_ADDRESS_COUNTRY_W,PidTagHomeAddressCountry
0x3A5B,PT_TSTRING,PR_HOME_ADDRESS_POSTAL_CODE,PidTagHomeAddressPostalCode
0x3A5B,PT_STRING8,PR_HOME_ADDRESS_POSTAL_CODE_A,PidTagHomeAddressPostalCode
0x3A5B,PT_UNICODE,PR_HOME_ADDRESS_POSTAL_CODE_W,PidTagHomeAddressPostalCode
0x3A5C,PT_TSTRING,PR_HOME_ADDRESS_STATE_OR_PROVINCE,PidTagHomeAddressStateOrProvince
0x3A5C,PT_STRING8,PR_HOME_ADDRESS_STATE_OR_PROVINCE_A,PidTagHomeAddressStateOrProvince
0x3A5C,PT_UNICODE,PR_HOME_ADDRESS_STATE_OR_PROVINCE_W,PidTagHomeAddressStateOrProvince
0x3A5D,PT_TSTRING,PR_HOME_ADDRESS_STREET,PidTagHomeAddressStreet
0x3A5D,PT_STRING8,PR_HOME_ADDRESS_STREET_A,PidTagHomeAddressStreet
0x3A5D,PT_UNICODE,PR_HOME_ADDRESS_STREET_W,PidTagHomeAddressStreet
0x3A5E,PT_TSTRING,PR_HOME_ADDRESS_POST_OFFICE_BOX,PidTagHomeAddressPostOfficeBox
0x3A5E,PT_STRING8,PR_HOME_ADDRESS_POST_OFFICE_BOX_A,PidTagHomeAddressPostOfficeBox
0x3A5E,PT_UNICODE,PR_HOME_ADDRESS_POST_OFFICE_BOX_W,PidTagHomeAddressPostOfficeBox
0x3A5F,PT_TSTRING,PR_OTHER_ADDRESS_CITY,PidTagOtherAddressCity
0x3A5F,PT_STRING8,PR_OTHER_ADDRESS_CITY_A,PidTagOtherAddressCity
0x3A5F,PT_UNICODE,PR_OTHER_ADDRESS_CITY_W,PidTagOtherAddressCity
0x3A60,PT_TSTRING,PR_OTHER_ADDRESS_COUNTRY,PidTagOtherAddressCountry
0x3A60,PT_STRING8,PR_OTHER_ADDRESS_COUNTRY_A,PidTagOtherAddressCountry
0x3A60,PT_UNICODE,PR_OTHER_ADDRESS_COUNTRY_W,PidTagOtherAddressCountry
0x3A61,PT_TSTRING,PR_OTHER_ADDRESS_POSTAL_CODE,PidTagOtherAddressPostalCode
0x3A61,PT_STRING8,PR_OTHER_ADDRESS_POSTAL_CODE_A,PidTagOtherAddressPostalCode
0x3A61,PT_UNICODE,PR_OTHER_ADDRESS_POSTAL_CODE_W,PidTagOtherAddressPostalCode
0x3A62,PT_TSTRING,PR_OTHER_ADDRESS_STATE_OR_PROVINCE,PidTagOtherAddressStateOrProvince
0x3A62,PT_STRING8,PR_OTHER_ADDRESS_STATE_OR_PROVINCE_A,PidTagOtherAddressStateOrProvince
0x3A62,PT_UNICODE,PR_OTHER_ADDRESS_STATE_OR_PROVINCE_W,PidTagOtherAddressStateOrProvince
0x3A63,PT_TSTRING,PR_OTHER_ADDRESS_STREET,PidTagOtherAddressStreet
0x3A63,PT_STRING8,PR_OTHER_ADDRESS_STREET_A,PidTagOtherAddressStreet
0x3A63,PT_UNICODE,PR_OTHER_ADDRESS_STREET_W,PidTagOtherAddressStreet
0x3A64,PT_TSTRING,PR_OTHER_ADDRESS_POST_OFFICE_BOX,PidTagOtherAddressPostOfficeBox
0x3A64,PT_STRING8,PR_OTHER_ADDRESS_POST_OFFICE_BOX_A,PidTagOtherAddressPostOfficeBox
0x3A64,PT_UNICODE,PR_OTHER_ADDRESS_POST_OFFICE_BOX_W,PidTagOtherAddressPostOfficeBox
0x3D00,PT_BINARY,PR_STORE_PROVIDERS,PidTagStoreProviders
0x3D01,PT_BINARY,PR_AB_PROVIDERS,PidTagAbProviders
0x3D02,PT_BINARY,PR_TRANSPORT_PROVIDERS,PidTagTransportProviders
0x3D04,PT_BOOLEAN,PR_DEFAULT_PROFILE,PidTagDefaultProfile
0x3D05,PT_MV_BINARY,PR_AB_SEARCH_PATH,PidTagAbSearchPath
0x3D06,PT_BINARY,PR_AB_DEFAULT_DIR,PidTagAbDefaultDir
0x3D07,PT_BINARY,PR_AB_DEFAULT_PAB,PidTagAbDefaultPab
0x3D08,PT_BINARY,PR_FILTERING_HOOKS,
0x3D09,PT_TSTRING,PR_SERVICE_NAME,PidTagServiceName
0x3D09,PT_STRING8,PR_SERVICE_NAME_A,PidTagServiceName
0x3D09,PT_UNICODE,PR_SERVICE_NAME_W,PidTagServiceName
0x3D0A,PT_TSTRING,PR_SERVICE_DLL_NAME,PidTagServiceDllName
0x3D0A,PT_STRING8,PR_SERVICE_DLL_NAME_A,PidTagServiceDllName
0x3D0A,PT_UNICODE,PR_SERVICE_DLL_NAME_W,PidTagServiceDllName
0x3D0B,PT_STRING8,PR_SERVICE_ENTRY_NAME,PidTagServiceEntryName
0x3D0C,PT_BINARY,PR_SERVICE_UID,PidTagServiceUid
0x3D0D,PT_BINARY,PR_SERVICE_EXTRA_UIDS,PidTagServiceExtraUids
0x3D0E,PT_BINARY,PR_SERVICES,PidTagServices
0x3D0F,PT_MV_TSTRING,PR_SERVICE_SUPPORT_FILES,PidTagServiceSupportFiles
0x3D0F,PT_MV_STRING8,PR_SERVICE_SUPPORT_FILES_A,PidTagServiceSupportFiles
0x3D0F,PT_MV_UNICODE,PR_SERVICE_SUPPORT_FILES_W,PidTagServiceSupportFiles
0x3D10,PT_MV_TSTRING,PR_SERVICE_DELETE_FILES,PidTagServiceDeleteFiles
0x3D10,PT_MV_STRING8,PR_SERVICE_DELETE_FILES_A,PidTagServiceDeleteFiles
0x3D10,PT_MV_UNICODE,PR_SERVICE_DELETE_FILES_W,PidTagServiceDeleteFiles
0x3D11,PT_BINARY,PR_AB_SEARCH_PATH_UPDATE,PidTagAbSearchPathUpdate
0x3D12,PT_TSTRING,PR_PROFILE_NAME,PidTagProfileName
0x3D12,PT_STRING8,PR_PROFILE_NAME_A,PidTagProfileName
0x3D12,PT_UNICODE,PR_PROFILE_NAME_W,PidTagProfileName
0x3E00,PT_TSTRING,PR_IDENTITY_DISPLAY,PidTagIdentityDisplay
0x3E00,PT_STRING8,PR_IDENTITY_DISPLAY_A,PidTagIdentityDisplay
0x3E00,PT_UNICODE,PR_IDENTITY_DISPLAY_W,PidTagIdentityDisplay
0x3E01,PT_BINARY,PR_IDENTITY_ENTRYID,PidTagIdentityEntryId
0x3E02,PT_LONG,PR_RESOURCE_METHODS,PidTagResourceMethods
0x3E03,PT_LONG,PR_RESOURCE_TYPE,PidTagResourceType
0x3E04,PT_LONG,PR_STATUS_CODE,PidTagStatusCode
0x3E05,PT_BINARY,PR_IDENTITY_SEARCH_KEY,PidTagIdentitySearchKey
0x3E06,PT_BINARY,PR_OWN_STORE_ENTRYID,PidTagOwnStoreEntryId
0x3E07,PT_TSTRING,PR_RESOURCE_PATH,PidTagResourcePath
0x3E07,PT_STRING8,PR_RESOURCE_PATH_A,PidTagResourcePath
0x3E07,PT_UNICODE,PR_RESOURCE_PATH_W,PidTagResourcePath
0x3E08,PT_TSTRING,PR_STATUS_STRING,PidTagStatusString
0x3E08,PT_STRING8,PR_STATUS_STRING_A,PidTagStatusString
0x3E08,PT_UNICODE,PR_STATUS_STRING_W,PidTagStatusString
0x3E09,PT_BOOLEAN,PR_X400_DEFERRED_DELIVERY_CANCEL,
0x3E0A,PT_BINARY,PR_HEADER_FOLDER_ENTRYID,PidTagHobbies
0x3E0B,PT_LONG,PR_REMOTE_PROGRESS,PidTagRemoteProgress
0x3E0C,PT_TSTRING,PR_REMOTE_PROGRESS_TEXT,PidTagRemoteProgressText
0x3E0C,PT_STRING8,PR_REMOTE_PROGRESS_TEXT_A,PidTagRemoteProgressText
0x3E0C,PT_UNICODE,PR_REMOTE_PROGRESS_TEXT_W,PidTagRemoteProgressText
0x3E0D,PT_BOOLEAN,PR_REMOTE_VALIDATE_OK,PidTagRemoteValidateOk
0x3F00,PT_LONG,PR_CONTROL_FLAGS,PidTagControlFlags
0x3F01,PT_BINARY,PR_CONTROL_STRUCTURE,PidTagControlStructure
0x3F02,PT_LONG,PR_CONTROL_TYPE,PidTagControlType
0x3F03,PT_LONG,PR_DELTAX,PidTagDeltaX
0x3F04,PT_LONG,PR_DELTAY,PidTagDeltaY
0x3F05,PT_LONG,PR_XPOS,PidTagXCoordinate
0x3F06,PT_LONG,PR_YPOS,PidTagYCoordinate
0x3F07,PT_BINARY,PR_CONTROL_ID,PidTagControlId
0x3F08,PT_LONG,PR_INITIAL_DETAILS_PANE,PidTagInitialDetailsPane
0x3FD6,PT_SYSTIME,PR_NTSD_MODIFICATION_TIME,
0x3FDE,PT_LONG,PR_INTERNET_CPID,PidTagInternetCodepage
0x3FE4,PT_BOOLEAN,PR_DESIGN_IN_PROGRESS,
0x3FE5,PT_BOOLEAN,PR_SECURE_ORIGINATION,
0x3FE7,PT_LONG,PR_RESOLVE_METHOD,PidTagResolveMethod
0x3FF1,PT_LONG,PR_MESSAGE_LOCALE_ID,PidTagMessageLocaleId
0x3FFA,PT_TSTRING,PR_LAST_MODIFIER_NAME,
0x3FFA,PT_STRING8,PR_LAST_MODIFIER_NAME_A,
0x3FFA,PT_UNICODE,PR_LAST_MODIFIER_NAME_W,
0x3FFD,PT_LONG,PR_MESSAGE_CODEPAGE,PidTagMessageCodepage
0x3FFE,PT_BINARY,PR_EXTENDED_ACL_DATA,
0x4019,PT_LONG,PR_SENDER_FLAGS,
0x401A,PT_LONG,PR_SENT_REPRESENTING_FLAGS,
0x401B,PT_LONG,PR_RCVD_BY_FLAGS,
0x401C,PT_LONG,PR_RCVD_REPRESENTING_FLAGS,
0x5902,PT_LONG,PR_INETMAIL_OVERRIDE_FORMAT,PidTagInternetMailOverrideFormat
0x6001,PT_LONG,PR_DOTSTUFF_STATE,
0x65E2,PT_BINARY,PR_CHANGE_KEY,
0x65E3,PT_BINARY,PR_PREDECESSOR_CHANGE_LIST,
0x67FF,PT_LONG,PR_PST_PASSWORD,
0x6869,PT_LONG,PR_FREEBUSY_NUM _MONTHS,